,Key,Value
0,A,0.17099822044523172
1,B,0.20395582317710298
2,C,0.12413351087391336
3,D,0.19808332680294438
4,E,0.1487510064789737
5,F,0.15407811222183385
