,Key,Value
0,A,0.163034046373515
1,B,0.1843183298543611
2,C,0.10341926551307401
3,D,0.21472545990567302
4,E,0.15801751374349277
5,F,0.17648538460988403
