,Key,Value
0,A,0.16389013777743588
1,B,0.189483187914059
2,C,0.10330338521956799
3,D,0.21428343961457727
4,E,0.15763303138812057
5,F,0.17140681808623937
