,Key,Value
0,A,0.16956274240001606
1,B,0.12895597223545682
2,C,0.08946791424420113
3,D,0.2884384692957522
4,E,0.1675728399791363
5,F,0.15600206184543747
